{
    "geometries":[{
        "type":"Geometry",
        "uuid":"138E6146-5463-3B94-B45F-C6E47DA83E98",
        "data":{
            "metadata":{
                "faces":80,
                "version":3,
                "vertices":42,
                "normals":80,
                "uvs":0,
                "generator":"io_three"
            },
            "faces":[32,0,13,12,0,0,0,32,1,13,15,1,1,1,32,0,12,17,2,2,2,32,0,17,19,3,3,3,32,0,19,16,4,4,4,32,1,15,22,5,5,5,32,2,14,24,6,6,6,32,3,18,26,7,7,7,32,4,20,28,8,8,8,32,5,21,30,9,9,9,32,1,22,25,10,10,10,32,2,24,27,11,11,11,32,3,26,29,12,12,12,32,4,28,31,13,13,13,32,5,30,23,14,14,14,32,6,32,37,15,15,15,32,7,33,39,16,16,16,32,8,34,40,17,17,17,32,9,35,41,18,18,18,32,10,36,38,19,19,19,32,38,41,11,20,20,20,32,38,36,41,21,21,21,32,36,9,41,22,22,22,32,41,40,11,23,23,23,32,41,35,40,24,24,24,32,35,8,40,25,25,25,32,40,39,11,26,26,26,32,40,34,39,27,27,27,32,34,7,39,28,28,28,32,39,37,11,29,29,29,32,39,33,37,30,30,30,32,33,6,37,31,31,31,32,37,38,11,32,32,32,32,37,32,38,33,33,33,32,32,10,38,34,34,34,32,23,36,10,35,35,35,32,23,30,36,36,36,36,32,30,9,36,37,37,37,32,31,35,9,38,38,38,32,31,28,35,39,39,39,32,28,8,35,40,40,40,32,29,34,8,41,41,41,32,29,26,34,42,42,42,32,26,7,34,43,43,43,32,27,33,7,44,44,44,32,27,24,33,45,45,45,32,24,6,33,46,46,46,32,25,32,6,47,47,47,32,25,22,32,48,48,48,32,22,10,32,49,49,49,32,30,31,9,50,50,50,32,30,21,31,51,51,51,32,21,4,31,52,52,52,32,28,29,8,53,53,53,32,28,20,29,54,54,54,32,20,3,29,55,55,55,32,26,27,7,56,56,56,32,26,18,27,57,57,57,32,18,2,27,58,58,58,32,24,25,6,59,59,59,32,24,14,25,60,60,60,32,14,1,25,61,61,61,32,22,23,10,62,62,62,32,22,15,23,63,63,63,32,15,5,23,64,64,64,32,16,21,5,65,65,65,32,16,19,21,66,66,66,32,19,4,21,67,67,67,32,19,20,4,68,68,68,32,19,17,20,69,69,69,32,17,3,20,70,70,70,32,17,18,3,71,71,71,32,17,12,18,72,72,72,32,12,2,18,73,73,73,32,15,16,5,74,74,74,32,15,13,16,75,75,75,32,13,0,16,76,76,76,32,12,14,2,77,77,77,32,12,13,14,78,78,78,32,13,1,14,79,79,79],
            "vertices":[0,0,-1,0.723607,-0.525725,-0.44722,-0.276388,-0.850649,-0.44722,-0.894426,0,-0.447216,-0.276388,0.850649,-0.44722,0.723607,0.525725,-0.44722,0.276388,-0.850649,0.44722,-0.723607,-0.525725,0.44722,-0.723607,0.525725,0.44722,0.276388,0.850649,0.44722,0.894426,0,0.447216,0,0,1,-0.162456,-0.499995,-0.850654,0.425323,-0.309011,-0.850654,0.262869,-0.809012,-0.525738,0.850648,0,-0.525736,0.425323,0.309011,-0.850654,-0.52573,0,-0.850652,-0.688189,-0.499997,-0.525736,-0.162456,0.499995,-0.850654,-0.688189,0.499997,-0.525736,0.262869,0.809012,-0.525738,0.951058,-0.309013,0,0.951058,0.309013,0,0,-1,0,0.587786,-0.809017,0,-0.951058,-0.309013,0,-0.587786,-0.809017,0,-0.587786,0.809017,0,-0.951058,0.309013,0,0.587786,0.809017,0,0,1,0,0.688189,-0.499997,0.525736,-0.262869,-0.809012,0.525738,-0.850648,0,0.525736,-0.262869,0.809012,0.525738,0.688189,0.499997,0.525736,0.162456,-0.499995,0.850654,0.52573,0,0.850652,-0.425323,-0.309011,0.850654,-0.425323,0.309011,0.850654,0.162456,0.499995,0.850654],
            "normals":[0.102381,-0.943523,0.31509,0.700224,-0.661699,0.268032,-0.268034,-0.943523,0.194736,-0.268034,-0.943523,-0.194737,0.102381,-0.943523,-0.31509,0.904989,-0.330385,0.268032,0.024747,-0.330386,0.943521,-0.889697,-0.330385,0.315095,-0.574602,-0.330388,-0.748784,0.534576,-0.330387,-0.777865,0.802609,-0.125627,0.583126,-0.306569,-0.125629,0.943522,-0.992077,-0.125628,0,-0.306569,-0.125629,-0.943522,0.802609,-0.125627,-0.583126,0.408946,0.661698,0.628425,-0.4713,0.661699,0.583122,-0.700224,0.661699,-0.268032,0.03853,0.661699,-0.748779,0.724042,0.661695,-0.194736,0.268034,0.943523,-0.194737,0.491119,0.794657,-0.356821,0.408946,0.661699,-0.628425,-0.102381,0.943523,-0.31509,-0.187594,0.794658,-0.577345,-0.4713,0.661699,-0.583122,-0.331305,0.943524,-0,-0.60706,0.794656,-0,-0.700224,0.661699,0.268032,-0.102381,0.943523,0.31509,-0.187594,0.794658,0.577345,0.03853,0.661699,0.748779,0.268034,0.943523,0.194737,0.491119,0.794657,0.356821,0.724042,0.661695,0.194736,0.889697,0.330385,-0.315095,0.794656,0.187595,-0.577348,0.574602,0.330388,-0.748784,-0.024747,0.330386,-0.943521,-0.303531,0.187597,-0.934171,-0.534576,0.330387,-0.777865,-0.904989,0.330385,-0.268032,-0.982246,0.187599,-0,-0.904989,0.330385,0.268031,-0.534576,0.330387,0.777865,-0.303531,0.187597,0.934171,-0.024747,0.330386,0.943521,0.574602,0.330388,0.748784,0.794656,0.187595,0.577348,0.889697,0.330385,0.315095,0.306569,0.125629,-0.943522,0.303531,-0.187597,-0.934171,0.024747,-0.330386,-0.943521,-0.802609,0.125627,-0.583126,-0.794656,-0.187595,-0.577348,-0.889697,-0.330385,-0.315095,-0.802609,0.125627,0.583126,-0.794656,-0.187595,0.577348,-0.574602,-0.330388,0.748784,0.306569,0.125629,0.943522,0.303531,-0.187597,0.934171,0.534576,-0.330387,0.777865,0.992077,0.125628,-0,0.982246,-0.187599,-0,0.904989,-0.330385,-0.268031,0.4713,-0.661699,-0.583122,0.187594,-0.794658,-0.577345,-0.03853,-0.661699,-0.748779,-0.408946,-0.661698,-0.628425,-0.491119,-0.794657,-0.356821,-0.724042,-0.661695,-0.194736,-0.724042,-0.661695,0.194736,-0.491119,-0.794657,0.356821,-0.408946,-0.661698,0.628425,0.700224,-0.661699,-0.268032,0.60706,-0.794656,-0,0.331305,-0.943524,-0,-0.03853,-0.661699,0.748779,0.187594,-0.794658,0.577345,0.4713,-0.661699,0.583122],
            "uvs":[],
            "name":"IcosphereGeometry"
        }
    },{
        "type":"Geometry",
        "uuid":"FDA35051-77AC-3FCF-B642-34C990EA7344",
        "data":{
            "metadata":{
                "faces":1,
                "version":3,
                "vertices":4,
                "normals":1,
                "uvs":0,
                "generator":"io_three"
            },
            "faces":[33,0,1,3,2,0,0,0,0],
            "vertices":[-1,-1,0,1,-1,0,-1,1,0,1,1,0],
            "normals":[0,1,-0],
            "uvs":[],
            "name":"PlaneGeometry"
        }
    },{
        "type":"Geometry",
        "uuid":"7BF693DE-4279-35EB-887F-9622EACA32AB",
        "data":{
            "metadata":{
                "faces":6,
                "version":3,
                "vertices":8,
                "normals":6,
                "uvs":0,
                "generator":"io_three"
            },
            "faces":[33,2,0,1,3,0,0,0,0,33,3,7,6,2,1,1,1,1,33,7,5,4,6,2,2,2,2,33,0,4,5,1,3,3,3,3,33,0,2,6,4,4,4,4,4,33,5,7,3,1,5,5,5,5],
            "vertices":[-1,-1,-1,-1,-1,1,-1,1,-1,-1,1,1,1,-1,-1,1,-1,1,1,1,-1,1,1,1],
            "normals":[-1,-0,-0,0,-0,-1,1,-0,-0,0,-0,1,-0,-1,-0,-0,1,-0],
            "uvs":[],
            "name":"Cube.001Geometry"
        }
    }],
    "metadata":{
        "sourceFile":"vr_scene.blend",
        "type":"Object",
        "version":4.4,
        "generator":"io_three"
    },
    "images":[],
    "object":{
        "matrix":[1,0,0,0,0,1,0,0,0,0,1,0,0,0,0,1],
        "children":[{
            "name":"Camera",
            "uuid":"DE0714B3-5D16-30EF-9A0A-6C5D6DD394B9",
            "matrix":[-0.999946,-0.00879,0.005542,0,-0.006503,0.945331,0.326046,0,-0.008105,0.325993,-0.945338,0,0,1.34876,0,1],
            "visible":true,
            "type":"PerspectiveCamera",
            "far":100,
            "near":0.1,
            "aspect":1.77778,
            "fov":35
        },{
            "name":"Cube",
            "uuid":"F29D1AC4-D789-3D8E-BAB5-59DC1B758FE2",
            "matrix":[-0.69667,0,0,0,0,0,0.69667,0,0,0.69667,0,0,0.029543,0.410823,2.9036,1],
            "visible":true,
            "type":"Mesh",
            "castShadow":false,
            "receiveShadow":false,
            "geometry":"7BF693DE-4279-35EB-887F-9622EACA32AB"
        },{
            "name":"Floor",
            "uuid":"BC5EA681-B08F-3A26-86A4-DC0BC5C99234",
            "matrix":[-3.98877,0,0,0,0,0,3.98877,0,0,3.98877,0,0,0.08636,-0.137063,-0.018558,1],
            "visible":true,
            "type":"Mesh",
            "castShadow":false,
            "receiveShadow":false,
            "geometry":"FDA35051-77AC-3FCF-B642-34C990EA7344"
        },{
            "name":"Sky",
            "uuid":"B609593F-3FAF-3730-86FD-2CBC183C262B",